<?xml version="1.0" encoding="UTF-8"?>
<!DOCTYPE suite SYSTEM "http://testng.org/testng-1.0.dtd">
<suite name="Suite" parallel="tests" verbose="3" thread-count="2">

    <test name="ATest">
    <parameter name="Browser" value="chrome"></parameter>
    <classes>
    <class name="com.igt.runner.TestRunner"/>  
    </classes>
   </test>
       <test name="BTest">
    <parameter name="Browser" value="firefox"></parameter>
    <classes>
    <class name="com.igt.runner.TestRunner1"/>  
    </classes>
   </test>

     
</suite> 