<?xml version="1.0" encoding="UTF-8"?>
<!DOCTYPE suite SYSTEM "https://testng.org/testng-1.0.dtd">
<suite name="Suite" parallel="none">

		<listeners>
			<listener class-name="org.igt.demo.listeners.TestListener"></listener>
			<listener class-name="org.igt.demo.listeners.MethodInterceptor" ></listener>
		<!-->listener class-name="org.igt.demo.listeners.AnnotationTransformer" ></listener -->
		</listeners>
	
	<test thread-count="1" name="Test">
		<classes>
		<class name="org.igt.demo.apitests.GetTest" />
		<class name="org.igt.demo.apitests.PostTest" />
		<class name="org.igt.demo.apitests.UpdateTest" />
		<class name="org.igt.demo.apitests.DeleteTest" />
		</classes>   
	</test>

</suite> <!-- Suite --> 
